{
  "models": [
    {
      "name": "UNet",
      "type": "segmentation",
      "input_shape": [
        3,
        256,
        256
      ],
      "output_shape": [
        1,
        256,
        256
      ],
      "framework": "PyTorch",
      "version": "1.0.0",
      "accuracy": 0.87,
      "last_trained": "2025-11-10"
    },
    {
      "name": "SiameseChangeNet",
      "type": "change_detection",
      "input_shape": [
        2,
        3,
        256,
        256
      ],
      "framework": "PyTorch",
      "version": "1.0.0",
      "accuracy": 0.84,
      "last_trained": "2025-11-10"
    }
  ]
}